수집시각,측정시각,측정소,PM10,PM2.5,통합지수,오존,이산화질소,일산화탄소,아황산가스
2025-05-17 14:57:37,2025-05-17 14:00,순천만,39,26,55,0.036,0.001,0.4,0.002
2025-05-17 14:57:37,2025-05-17 14:00,호두리,17,12,54,0.033,0.001,0.3,0.005
2025-05-17 14:57:38,2025-05-17 14:00,신대,17,9,63,0.045,0.002,0.1,0.005
2025-05-17 14:57:38,2025-05-17 14:00,빛가람동,19,12,57,0.038,0.005,0.2,0.003
2025-05-17 14:57:38,2025-05-17 14:00,담양읍,24,25,66,0.048,0.003,0.2,0.003
2025-05-17 14:57:39,2025-05-17 14:00,장성읍,22,11,62,0.044,0.004,0.3,0.003
2025-05-17 14:57:39,2025-05-17 14:00,화양면,11,6,55,0.035,0.004,0.4,0.003
2025-05-17 14:57:39,2025-05-17 14:00,율촌면,16,14,64,0.046,0.004,0.4,0.003
2025-05-17 14:57:39,2025-05-17 14:00,삼일동,18,16,64,0.046,0.008,0.3,0.004
2025-05-17 14:57:40,2025-05-17 14:00,중동,17,13,60,0.041,0.004,0.2,0.004
2025-05-17 14:57:40,2025-05-17 14:00,태인동,13,11,40,0.024,0.006,0.3,0.009
2025-05-17 14:57:40,2025-05-17 14:00,광양읍,19,11,56,0.036,0.002,0.5,0.004
2025-05-17 14:57:41,2025-05-17 14:00,봉강면,-,14,-,0.039,0.002,0.2,0.004
2025-05-17 14:57:41,2025-05-17 14:00,진월면,20,16,60,0.041,0.003,0.2,0.004
2025-05-17 14:57:41,2025-05-17 14:00,해남읍,10,-,-,0.045,0.004,0.2,0.002
2025-05-17 14:57:41,2025-05-17 14:00,대불,6,6,61,0.043,0.003,0.3,0.002
2025-05-17 14:57:42,2025-05-17 14:00,영암읍,16,9,64,0.047,0.001,-,0.003
2025-05-17 14:57:42,2025-05-17 14:00,송단리,21,14,59,0.040,0.003,0.2,0.003
2025-05-17 14:57:42,2025-05-17 14:00,화순읍,39,19,60,0.041,0.002,0.4,0.003
2025-05-17 14:57:43,2025-05-17 14:00,영광읍,10,8,65,0.048,0.003,0.3,0.003
2025-05-17 14:57:43,2025-05-17 14:00,성건동,18,7,73,0.057,0.005,0.2,0.005
2025-05-17 14:57:43,2025-05-17 14:00,보덕동,15,11,67,0.049,0.004,0.2,0.005
2025-05-17 14:57:43,2025-05-17 14:00,안강읍,18,9,67,0.049,0.003,0.2,0.003
2025-05-17 14:57:44,2025-05-17 14:00,외동읍,15,14,60,0.041,0.003,0.2,0.004
2025-05-17 14:57:44,2025-05-17 14:00,양덕동,15,8,67,0.050,0.003,0.3,0.003
2025-05-17 14:57:44,2025-05-17 14:00,평화남산동,22,7,58,0.039,0.001,0.1,0.005
2025-05-17 14:57:45,2025-05-17 14:00,대광동,17,17,61,0.042,0.006,0.3,0.006
2025-05-17 14:57:45,2025-05-17 14:00,율곡동,30,6,63,0.045,0.006,0.2,0.005
2025-05-17 14:57:45,2025-05-17 14:00,명륜동,20,7,61,0.043,0.004,0.4,0.003
2025-05-17 14:57:46,2025-05-17 14:00,공단동,23,16,58,0.039,0.007,0.5,0.005
2025-05-17 14:57:46,2025-05-17 14:00,원평동,22,10,64,0.047,0.007,0.2,0.005
2025-05-17 14:57:46,2025-05-17 14:00,형곡동,19,13,65,0.047,0.003,0.2,0.006
2025-05-17 14:57:47,2025-05-17 14:00,4공단,23,12,65,0.047,0.005,0.3,0.005
2025-05-17 14:57:47,2025-05-17 14:00,진미동,21,18,62,0.044,0.005,-,0.006
2025-05-17 14:57:47,2025-05-17 14:00,가흥동,16,6,59,0.040,0.008,0.3,0.004
2025-05-17 14:57:47,2025-05-17 14:00,영주동,17,10,60,0.041,0.005,0.4,0.003
2025-05-17 14:57:48,2025-05-17 14:00,중방동,21,17,65,0.047,0.002,0.3,0.006
2025-05-17 14:57:48,2025-05-17 14:00,하양읍,19,16,62,0.044,0.006,0.3,0.006
2025-05-17 14:57:48,2025-05-17 14:00,월평동,32,24,63,0.045,0.006,0.4,0.004
2025-05-17 14:57:49,2025-05-17 14:00,봉명동,18,10,61,0.042,0.007,0.3,0.003
2025-05-17 14:57:49,2025-05-17 14:00,사천동,17,15,61,0.042,0.007,0.3,0.004
2025-05-17 14:57:49,2025-05-17 14:00,용담동,22,11,64,0.046,0.005,0.3,0.003
2025-05-17 14:57:49,2025-05-17 14:00,용암동,18,20,62,0.044,0.006,0.4,0.003
2025-05-17 14:57:50,2025-05-17 14:00,복대동,18,18,64,0.046,0.007,0.3,0.003
2025-05-17 14:57:50,2025-05-17 14:00,성황동,19,9,62,0.043,0.006,0.4,0.004
2025-05-17 14:57:50,2025-05-17 14:00,백석동,17,9,67,0.050,0.004,0.3,0.005
2025-05-17 14:57:51,2025-05-17 14:00,성성동,22,-,-,0.038,0.003,0.2,0.004
2025-05-17 14:57:51,2025-05-17 14:00,성거읍,22,10,65,0.047,0.008,0.3,0.004
2025-05-17 14:57:51,2025-05-17 14:00,신방동,21,14,59,0.040,0.007,0.3,0.005
2025-05-17 14:57:51,2025-05-17 14:00,사곡면,-,12,-,0.052,0.003,0.2,0.002
2025-05-17 14:57:52,2025-05-17 14:00,공주,28,18,71,0.055,0.003,0.2,0.005
2025-05-17 14:57:53,2025-05-17 14:00,탄천면,27,19,64,0.046,0.003,0.3,0.005
2025-05-17 14:57:53,2025-05-17 14:00,진량읍,28,33,66,0.049,0.005,0.2,0.006
2025-05-17 14:57:53,2025-05-17 14:00,상주시,24,16,65,0.047,0.004,0.2,0.004
2025-05-17 14:57:54,2025-05-17 14:00,칠곡군,23,12,61,0.042,0.001,0.1,0.004
2025-05-17 14:57:54,2025-05-17 14:00,영덕읍,13,3,64,0.046,0.003,0.2,0.002
2025-05-17 14:57:54,2025-05-17 14:00,강구면,16,14,75,0.059,0.005,0.3,0.002
2025-05-17 14:57:54,2025-05-17 14:00,영해면,16,7,62,0.043,0.002,0.2,0.002
2025-05-17 14:57:55,2025-05-17 14:00,문경시,12,11,64,0.046,0.002,0.2,0.007
2025-05-17 14:57:55,2025-05-17 14:00,성주군,16,12,59,0.040,0.006,0.4,0.006
2025-05-17 14:57:55,2025-05-17 14:00,화북면,27,19,68,0.050,0.004,0.2,0.002
2025-05-17 14:57:56,2025-05-17 14:00,영천시,25,10,65,0.048,0.003,0.2,0.004
2025-05-17 14:57:56,2025-05-17 15:00,안계면(교외),-,-,-,0.044,0.005,0.3,0.005
2025-05-17 14:57:56,2025-05-17 14:00,의성읍,20,9,69,0.052,0.003,0.2,0.005
2025-05-17 14:57:57,2025-05-17 14:00,안계면,19,16,62,0.044,0.003,0.2,0.004
2025-05-17 14:57:57,2025-05-17 14:00,울진군,11,7,70,0.053,0.003,0.2,0.003
2025-05-17 14:57:57,2025-05-17 14:00,석포면,24,14,67,0.049,0.003,0.2,0.003
2025-05-17 14:57:57,2025-05-17 14:00,봉화군청,20,8,65,0.048,0.002,0.3,0.003
2025-05-17 14:57:58,2025-05-17 14:00,태하리,12,9,62,0.044,0.003,0.1,0.002
2025-05-17 14:57:58,2025-05-17 14:00,울릉읍,17,7,65,0.047,0.008,0.3,0.003
2025-05-17 14:57:59,2025-05-17 14:00,대가야읍,24,18,56,0.036,0.004,0.4,0.004
2025-05-17 14:57:59,2025-05-17 14:00,영양군,18,7,61,0.042,0.002,0.2,0.003
2025-05-17 14:57:59,2025-05-17 14:00,예천군,15,11,62,0.043,0.002,0.2,0.004
2025-05-17 14:58:00,2025-05-17 14:00,화양읍,25,14,57,0.038,0.002,0.1,0.005
2025-05-17 14:58:00,2025-05-17 14:00,포항항,39,23,60,0.041,0.014,0.4,0.004
2025-05-17 14:58:00,2025-05-17 14:00,읍내동,36,-,63,0.045,0.004,0.4,0.004
2025-05-17 14:58:00,2025-05-17 14:00,문평동,41,17,65,0.047,0.007,0.2,0.004
2025-05-17 14:58:01,2025-05-17 14:00,문창동,33,32,65,0.047,0.007,0.4,0.004
2025-05-17 14:58:01,2025-05-17 14:00,구성동,33,28,66,0.045,0.005,0.3,0.004
2025-05-17 14:58:01,2025-05-17 14:00,노은동,40,27,65,0.047,0.005,0.3,0.004
2025-05-17 14:58:02,2025-05-17 14:00,상대동(대전),32,30,64,0.045,0.004,0.3,0.004
2025-05-17 14:58:02,2025-05-17 14:00,관평동,33,27,59,0.040,0.005,0.4,0.003
2025-05-17 14:58:03,2025-05-17 14:00,지족동,38,28,55,0.035,0.010,0.3,0.003
2025-05-17 14:58:03,2025-05-17 14:00,대흥동1,36,29,59,0.028,0.012,0.3,0.004
2025-05-17 14:58:03,2025-05-17 14:00,성남동1,29,27,66,0.048,0.006,0.3,0.004
2025-05-17 14:58:04,2025-05-17 14:00,대성동,26,30,61,0.042,0.007,0.3,0.004
2025-05-17 14:58:04,2025-05-17 14:00,정림동,31,27,65,0.047,0.006,0.4,0.004
2025-05-17 14:58:04,2025-05-17 14:00,둔산동,51,20,61,0.042,0.006,0.4,0.005
2025-05-17 14:58:05,2025-05-17 14:00,안마도,6,3,62,0.044,0.005,0.3,0.002
2025-05-17 14:58:05,2025-05-17 14:00,장흥읍,12,9,67,0.050,0.004,0.2,0.004
2025-05-17 14:58:06,2025-05-17 14:00,진도읍,6,1,57,0.038,0.002,0.2,0.002
2025-05-17 14:58:07,2025-05-17 14:00,신지면,9,3,58,0.039,0.004,0.3,0.003
2025-05-17 14:58:07,2025-05-17 14:00,함평읍,9,7,58,0.039,0.001,0.4,0.003
2025-05-17 14:58:07,2025-05-17 14:00,고흥읍,9,9,59,0.040,0.002,0.5,0.002
2025-05-17 14:58:07,2025-05-17 14:00,신안군,8,4,60,0.042,0.002,0.2,0.003
2025-05-17 14:58:08,2025-05-17 14:00,홍도,1,-,-,0.044,0.003,0.2,0.002
2025-05-17 14:58:08,2025-05-17 14:00,가거도,4,0,-,0.048,0.004,0.2,0.001
2025-05-17 14:58:08,2025-05-17 14:00,무안읍,13,6,62,0.044,0.002,0.2,0.001
2025-05-17 14:58:09,2025-05-17 14:00,남악.오룡,9,1,-,0.046,0.004,0.2,0.003
2025-05-17 14:58:09,2025-05-17 14:00,강진읍,12,11,62,0.043,0.004,0.2,0.002
2025-05-17 14:58:09,2025-05-17 14:00,곡성읍,20,10,62,0.043,0.004,0.3,0.003
2025-05-17 14:58:09,2025-05-17 14:00,구례읍,26,18,54,0.033,0.000,0.2,0.004
2025-05-17 14:58:10,2025-05-17 14:00,벌교읍,33,23,55,0.035,0.002,0.3,0.007
2025-05-17 14:58:10,2025-05-17 14:00,보성읍,16,10,57,0.037,0.006,0.4,0.002
2025-05-17 14:58:11,2025-05-17 14:00,목포항,21,4,-,0.042,0.005,0.1,0.001
2025-05-17 14:58:12,2025-05-17 14:00,광양항,26,16,56,0.037,0.010,0.2,0.003
2025-05-17 14:58:12,2025-05-17 14:00,여수항,14,10,60,0.042,0.010,0.2,0.002
2025-05-17 14:58:12,2025-05-17 14:00,광양 중마,16,-,-,0.036,0.005,0.1,0.002
2025-05-17 14:58:13,2025-05-17 14:00,광양 율촌,20,19,58,0.039,0.008,0.1,0.003
2025-05-17 14:58:13,2025-05-17 14:00,이도동,3,1,61,0.043,0.009,0.3,0.002
2025-05-17 14:58:13,2025-05-17 14:00,연동,10,4,61,0.042,0.005,0.2,0.001
2025-05-17 14:58:14,2025-05-17 14:00,조천읍,5,3,67,0.049,0.004,0.3,0.001
2025-05-17 14:58:14,2025-05-17 14:00,한림읍,4,3,64,0.047,0.003,0.2,0.001
2025-05-17 14:58:14,2025-05-17 14:00,화북동,3,3,58,0.039,0.009,0.2,0.001
2025-05-17 14:58:15,2025-05-17 14:00,애월읍,10,2,64,0.046,0.004,0.3,0.002
2025-05-17 14:58:16,2025-05-17 14:00,동홍동,11,4,62,0.044,0.004,0.2,0.002
2025-05-17 14:58:16,2025-05-17 14:00,성산읍,15,5,-,0.042,0.004,0.2,0.001
2025-05-17 14:58:16,2025-05-17 14:00,남원읍,16,5,62,0.043,0.004,0.1,0.001
2025-05-17 14:58:17,2025-05-17 14:00,강정동,11,5,61,0.042,0.006,0.1,0.002
2025-05-17 14:58:17,2025-05-17 14:00,대정읍,4,1,62,0.043,0.004,0.3,0.002
2025-05-17 14:58:17,2025-05-17 14:00,노형로,4,1,62,0.043,0.008,0.3,0.001
2025-05-17 14:58:17,2025-05-17 14:00,고산리,6,5,-,-,-,-,-
2025-05-17 14:58:18,2025-05-17 14:00,제주항,1,3,66,0.049,0.005,0.1,0.001
2025-05-17 14:58:18,2025-05-17 14:00,남산1동,25,20,63,0.045,0.005,0.2,0.005
2025-05-17 14:58:18,2025-05-17 14:00,수창동,19,15,63,0.045,0.007,0.3,0.005
2025-05-17 14:58:19,2025-05-17 14:00,지산동,24,15,66,0.048,0.010,0.4,0.005
2025-05-17 14:58:19,2025-05-17 14:00,서호동,22,7,68,0.051,0.006,0.5,0.005
2025-05-17 14:58:19,2025-05-17 14:00,용계동,22,11,60,0.041,0.013,0.4,0.005
2025-05-17 14:58:19,2025-05-17 14:00,이현동,24,15,61,0.042,0.007,0.4,0.005
2025-05-17 14:58:20,2025-05-17 14:00,평리동,25,17,57,0.038,0.010,0.3,0.005
2025-05-17 14:58:20,2025-05-17 14:00,대명동,14,14,61,0.043,0.004,0.4,0.005
2025-05-17 14:58:20,2025-05-17 14:00,신암동,25,21,65,0.048,0.006,0.2,0.005
2025-05-17 14:58:21,2025-05-17 14:00,태전동,24,16,62,0.043,0.004,0.3,0.005
2025-05-17 14:58:21,2025-05-17 14:00,산격동,22,19,63,0.045,0.005,0.2,0.005
2025-05-17 14:58:21,2025-05-17 14:00,서변동,24,15,60,0.042,0.005,0.2,0.005
2025-05-17 14:58:22,2025-05-17 14:00,연호동,24,17,61,0.043,0.009,0.3,0.005
2025-05-17 14:58:22,2025-05-17 14:00,만촌동,20,14,68,0.051,0.006,0.4,0.006
2025-05-17 14:58:22,2025-05-17 14:00,호림동,27,19,58,0.039,0.006,0.2,0.005
2025-05-17 14:58:23,2025-05-17 14:00,유가읍,24,22,60,0.041,0.004,0.3,0.004
2025-05-17 14:58:23,2025-05-17 14:00,이곡동,24,16,57,0.037,0.007,0.2,0.005
2025-05-17 14:58:23,2025-05-17 14:00,시지동,24,17,65,0.047,0.004,0.5,0.005
2025-05-17 14:58:23,2025-05-17 14:00,진천동,24,14,61,0.042,0.005,0.5,0.004
2025-05-17 14:58:24,2025-05-17 14:00,다사읍,27,20,61,0.043,0.003,0.4,0.005
2025-05-17 14:58:24,2025-05-17 14:00,본동,23,17,60,0.041,0.004,0.5,0.004
2025-05-17 14:58:24,2025-05-17 14:00,내당동,28,18,63,0.045,0.006,0.3,0.005
2025-05-17 14:58:25,2025-05-17 14:00,침산동,23,15,58,0.039,0.006,0.3,0.005
2025-05-17 14:58:25,2025-05-17 14:00,화원읍,29,16,58,0.039,0.004,0.4,0.004
2025-05-17 14:58:25,2025-05-17 14:00,충혼탑,28,15,57,0.037,0.010,0.3,0.006
2025-05-17 14:58:26,2025-05-17 14:00,군위읍,23,11,60,0.041,0.002,0.2,0.005
2025-05-17 14:58:26,2025-05-17 14:00,우현동,18,10,58,0.039,0.019,0.4,0.003
2025-05-17 14:58:26,2025-05-17 14:00,장흥동,25,9,65,0.047,0.007,0.6,0.003
2025-05-17 14:58:27,2025-05-17 14:00,장량동,20,11,67,0.050,0.004,0.3,0.003
2025-05-17 14:58:27,2025-05-17 14:00,대도동,27,13,68,0.050,0.006,0.3,0.003
2025-05-17 14:58:28,2025-05-17 14:00,대송면,22,15,70,0.053,0.006,0.6,0.003
2025-05-17 14:58:28,2025-05-17 14:00,3공단,25,11,67,0.050,0.004,0.3,0.002
2025-05-17 14:58:28,2025-05-17 14:00,송도동,28,12,65,0.048,0.006,0.3,0.003
2025-05-17 14:58:29,2025-05-17 14:00,오천읍,19,14,68,0.051,0.015,0.4,0.003
2025-05-17 14:58:29,2025-05-17 14:00,청림동,24,14,65,0.048,0.010,0.6,0.005
2025-05-17 14:58:29,2025-05-17 14:00,연일읍,23,12,69,0.052,0.007,0.3,0.003
2025-05-17 14:58:30,2025-05-17 14:00,제철동,14,10,71,0.055,0.005,0.4,0.002
2025-05-17 14:58:30,2025-05-17 14:00,삼진로,27,20,77,0.062,0.008,0.3,0.004
2025-05-17 14:58:30,2025-05-17 14:00,경화동,27,22,71,0.055,0.012,0.2,0.004
2025-05-17 14:58:31,2025-05-17 14:00,월영동,36,25,65,0.048,0.007,0.3,0.004
2025-05-17 14:58:31,2025-05-17 14:00,하동읍,22,16,56,0.036,0.004,0.1,0.004
2025-05-17 14:58:31,2025-05-17 14:00,금성면,18,12,63,0.044,0.004,0.2,0.005
2025-05-17 14:58:31,2025-05-17 14:00,동상동,24,25,64,0.044,0.006,0.1,0.005
2025-05-17 14:58:32,2025-05-17 14:00,삼방동,23,18,64,0.045,0.003,0.2,0.005
2025-05-17 14:58:32,2025-05-17 14:00,장유동,16,15,67,0.050,0.009,0.3,0.006
2025-05-17 14:58:32,2025-05-17 14:00,진영읍,27,18,57,0.037,0.004,0.2,0.005
2025-05-17 14:58:33,2025-05-17 14:00,김해대로,24,18,61,0.042,0.008,0.3,0.005
2025-05-17 14:58:33,2025-05-17 14:00,진례면,29,17,64,0.046,0.006,0.3,0.006
2025-05-17 14:58:33,2025-05-17 14:00,저구리,21,12,35,0.021,0.004,0.2,0.002
2025-05-17 14:58:34,2025-05-17 14:00,아주동,21,21,70,0.054,0.005,0.2,0.003
2025-05-17 14:58:34,2025-05-17 14:00,고현동,19,17,68,0.050,0.004,0.4,0.003
2025-05-17 14:58:34,2025-05-17 14:00,사천읍,20,13,67,0.050,0.007,0.3,0.004
2025-05-17 14:58:34,2025-05-17 14:00,향촌동,7,4,55,0.036,0.008,0.2,0.002
2025-05-17 14:58:35,2025-05-17 14:00,대산면,35,25,62,0.043,0.004,0.6,0.004
2025-05-17 14:58:35,2025-05-17 14:00,옥포항,25,24,69,0.052,0.014,0.2,0.003
2025-05-17 14:58:35,2025-05-17 14:00,북부동,29,20,63,0.045,0.005,0.2,0.004
2025-05-17 14:58:36,2025-05-17 14:00,삼호동,23,11,60,0.041,0.006,0.3,0.005
2025-05-17 14:58:36,2025-05-17 14:00,물금읍,30,20,60,0.041,0.006,0.2,0.005
2025-05-17 14:58:36,2025-05-17 14:00,화산리,25,-,-,0.046,0.015,0.7,0.017
2025-05-17 14:58:36,2025-05-17 14:00,상남리,19,14,62,0.043,0.006,0.4,0.004
2025-05-17 14:58:37,2025-05-17 14:00,농소동,24,7,64,0.046,0.008,0.3,0.003
2025-05-17 14:58:37,2025-05-17 14:00,삼남읍,16,10,63,0.045,0.004,0.2,0.004
2025-05-17 14:58:37,2025-05-17 14:00,약사동,22,15,67,0.050,0.010,0.3,0.004
2025-05-17 14:58:38,2025-05-17 14:00,웅촌면,28,14,61,0.042,0.005,0.2,0.004
2025-05-17 14:58:38,2025-05-17 14:00,범서읍,21,8,60,0.041,0.004,0.2,0.003
2025-05-17 14:58:38,2025-05-17 14:00,북부순환도로,17,16,63,0.045,0.008,0.4,0.004
2025-05-17 14:58:39,2025-05-17 14:00,송정동,19,17,65,0.048,0.009,0.2,0.004
2025-05-17 14:58:39,2025-05-17 14:00,전하동,35,24,70,0.053,0.011,0.3,0.004
2025-05-17 14:58:39,2025-05-17 14:00,산업로,19,11,66,0.049,0.020,0.6,0.004
2025-05-17 14:58:40,2025-05-17 14:00,내일동,26,17,59,0.040,0.008,0.2,0.006
2025-05-17 14:58:40,2025-05-17 14:00,무전동,17,13,68,0.051,0.007,0.2,0.003
2025-05-17 14:58:40,2025-05-17 14:00,고성읍,21,9,62,0.044,0.008,0.3,0.003
2025-05-17 14:58:41,2025-05-17 14:00,거창읍,24,20,57,0.037,0.004,0.3,0.004
2025-05-17 14:58:41,2025-05-17 14:00,가야읍,18,15,59,0.040,0.005,0.4,0.004
2025-05-17 14:58:41,2025-05-17 14:00,함양읍,32,19,56,0.036,0.005,0.2,0.004
2025-05-17 14:58:42,2025-05-17 14:00,남해읍,17,12,62,0.044,0.005,0.4,0.003
2025-05-17 14:58:42,2025-05-17 14:00,산청읍,21,16,59,0.040,0.003,0.2,0.004
2025-05-17 14:58:43,2025-05-17 15:00,남상면,-,-,-,0.032,0.004,-,0.003
2025-05-17 14:58:43,2025-05-17 14:00,의령읍,27,20,56,0.034,0.003,0.2,0.003
2025-05-17 14:58:43,2025-05-17 14:00,창녕읍,30,22,61,0.042,0.003,0.2,0.005
2025-05-17 14:58:44,2025-05-17 14:00,합천읍,22,18,60,0.041,0.003,0.2,0.005
2025-05-17 14:58:44,2025-05-17 14:00,마산항,42,31,59,0.033,0.017,0.3,0.006
2025-05-17 14:58:44,2025-05-17 14:00,울산항,37,26,69,0.041,0.022,0.4,0.004
2025-05-17 14:58:45,2025-05-17 14:00,하동항,13,-,-,0.046,0.010,0.2,0.003
2025-05-17 14:58:45,2025-05-17 14:00,삼천포항,21,10,63,0.045,0.008,0.1,0.002
2025-05-17 14:58:45,2025-05-17 14:00,서석동,31,21,56,0.036,0.007,0.3,0.004
2025-05-17 14:58:46,2025-05-17 14:00,농성동,24,21,62,0.044,0.007,0.2,0.003
2025-05-17 14:58:46,2025-05-17 14:00,치평동,34,23,54,0.033,0.018,0.5,0.001
2025-05-17 14:58:46,2025-05-17 14:00,노대동,24,17,62,0.044,0.008,0.3,0.003
2025-05-17 14:58:46,2025-05-17 14:00,유촌동,29,16,66,0.049,0.007,0.4,0.003
2025-05-17 14:58:47,2025-05-17 14:00,두암동,26,16,65,0.047,0.005,0.4,0.005
2025-05-17 14:58:47,2025-05-16 16:00,운암동,23,5,43,0.026,0.021,0.5,0.003
2025-05-17 14:58:47,2025-05-17 14:00,건국동,15,11,64,0.047,0.007,0.4,0.004
2025-05-17 14:58:48,2025-05-17 14:00,일곡동,22,14,69,0.052,0.006,0.3,0.004
2025-05-17 14:58:48,2025-05-17 14:00,오선동,19,12,64,0.046,0.005,0.4,0.003
2025-05-17 14:58:48,2025-05-17 14:00,우산동(광주),25,12,62,0.044,0.006,0.3,0.004
2025-05-17 14:58:49,2025-05-17 14:00,평동,12,11,60,0.041,0.004,0.5,0.003
2025-05-17 14:58:49,2025-05-17 14:00,주월동,30,17,65,0.047,0.008,0.3,0.003
2025-05-17 14:58:49,2025-05-17 14:00,노송동,24,15,62,0.044,0.004,0.2,0.005
2025-05-17 14:58:50,2025-05-17 14:00,용당동,12,5,63,0.045,0.005,0.3,0.000
2025-05-17 14:58:50,2025-05-17 14:00,부흥동,6,5,73,0.058,0.006,0.3,0.002
2025-05-17 14:58:51,2025-05-17 14:00,서강동,-,11,-,0.048,0.007,0.3,0.002
2025-05-17 14:58:51,2025-05-17 14:00,월내동,21,13,61,0.043,0.011,0.4,0.020
2025-05-17 14:58:52,2025-05-17 14:00,문수동,-,7,-,0.046,0.006,0.4,0.003
2025-05-17 14:58:52,2025-05-17 14:00,여천동(여수),18,10,62,0.044,0.006,0.3,0.003
2025-05-17 14:58:52,2025-05-17 14:00,덕충동,13,7,65,0.047,0.007,0.3,0.003
2025-05-17 14:58:53,2025-05-17 14:00,장천동,-,13,-,0.045,0.002,0.1,0.005
2025-05-17 14:58:53,2025-05-17 14:00,연향동,10,12,60,0.041,0.003,0.0,0.006
2025-05-17 14:58:53,2025-05-17 14:00,중앙대로(고잔동),13,4,61,0.042,0.010,0.2,0.003
2025-05-17 14:58:54,2025-05-17 14:00,별양동,14,4,69,0.053,0.006,0.4,0.002
2025-05-17 14:58:54,2025-05-17 14:00,과천동,16,5,72,0.056,0.006,0.4,0.002
2025-05-17 14:58:54,2025-05-17 14:00,교문동,17,9,74,0.059,0.004,0.2,0.003
2025-05-17 14:58:54,2025-05-17 14:00,동구동,19,13,73,0.057,0.006,0.2,0.003
2025-05-17 14:58:55,2025-05-17 14:00,부곡3동,16,17,73,0.057,0.006,0.3,0.002
2025-05-17 14:58:55,2025-05-17 14:00,고천동,21,7,68,0.050,0.005,0.4,0.002
2025-05-17 14:58:55,2025-05-17 14:00,정왕동,25,16,75,0.060,0.009,0.3,0.004
2025-05-17 14:58:56,2025-05-17 14:00,시화산단,30,15,82,0.068,0.012,0.2,0.004
2025-05-17 14:58:56,2025-05-17 14:00,대야동,17,7,79,0.064,0.010,0.3,0.003
2025-05-17 14:58:56,2025-05-17 14:00,목감동,19,10,80,0.065,0.006,0.2,0.003
2025-05-17 14:58:56,2025-05-17 14:00,장현동,27,18,82,0.068,0.007,0.2,0.004
2025-05-17 14:58:57,2025-05-17 14:00,서해안로,26,9,67,0.050,0.020,0.1,0.003
2025-05-17 14:58:57,2025-05-17 14:00,배곧동,26,23,79,0.065,0.011,0.3,0.004
2025-05-17 14:58:57,2025-05-17 14:00,금곡동,83,6,80,0.066,0.019,0.2,0.002
2025-05-17 14:58:58,2025-05-17 14:00,오남읍,24,10,82,0.068,0.006,0.2,0.003
2025-05-17 14:58:58,2025-05-17 14:00,당리동,32,19,63,0.045,0.010,0.3,0.004
2025-05-17 14:58:58,2025-05-17 14:00,부산항,38,14,65,0.047,0.011,0.1,0.002
2025-05-17 14:58:59,2025-05-17 14:00,부산북항,23,14,46,0.027,0.009,0.2,0.003
2025-05-17 14:58:59,2025-05-17 14:00,부산감만,25,10,-,-,-,0.3,0.004
2025-05-17 14:58:59,2025-05-17 14:00,회원동,29,22,62,0.044,0.010,0.3,0.005
2025-05-17 14:59:00,2025-05-17 14:00,봉암동,28,20,66,0.048,0.012,0.4,0.006
2025-05-17 14:59:00,2025-05-17 14:00,내서읍,24,18,59,0.040,0.004,0.2,0.004
2025-05-17 14:59:00,2025-05-17 14:00,대송동,28,-,-,0.051,0.011,0.4,0.004
2025-05-17 14:59:01,2025-05-17 14:00,성남동,20,-,-,0.043,0.011,0.5,0.004
2025-05-17 14:59:01,2025-05-17 14:00,부곡동(울산),24,16,79,0.046,0.023,0.6,0.006
2025-05-17 14:59:01,2025-05-17 14:00,여천동(울산),30,23,62,0.044,0.024,0.4,0.005
2025-05-17 14:59:02,2025-05-17 14:00,선암동,-,-,-,0.046,0.007,0.4,0.004
2025-05-17 14:59:02,2025-05-17 14:00,삼산동,18,14,71,0.054,0.015,0.5,0.005
2025-05-17 14:59:03,2025-05-17 14:00,신정로,23,17,54,0.034,0.006,0.2,0.004
2025-05-17 14:59:03,2025-05-17 14:00,신정동,20,18,59,0.040,0.007,0.3,0.004
2025-05-17 14:59:03,2025-05-17 14:00,덕신리,17,12,64,0.046,0.004,0.3,0.004
2025-05-17 14:59:04,2025-05-17 14:00,무거동,24,9,63,0.045,0.006,0.3,0.004
2025-05-17 14:59:04,2025-05-17 14:00,효문동,23,14,60,0.041,0.026,0.4,0.005
2025-05-17 14:59:04,2025-05-17 14:00,상봉동,26,18,59,0.039,0.010,0.2,0.003
2025-05-17 14:59:05,2025-05-17 14:00,대안동,30,17,56,0.036,0.005,0.2,0.003
2025-05-17 14:59:06,2025-05-17 14:00,상대동(진주),27,20,59,0.039,0.005,0.2,0.004
2025-05-17 14:59:06,2025-05-17 14:00,정촌면,41,14,58,0.039,0.004,0.2,0.003
2025-05-17 14:59:06,2025-05-17 14:00,명서동,28,21,65,0.047,0.005,0.3,0.005
2025-05-17 14:59:06,2025-05-17 14:00,웅남동,24,19,68,0.051,0.006,0.3,0.005
2025-05-17 14:59:07,2025-05-17 14:00,성주동,32,22,67,0.049,0.009,0.3,0.005
2025-05-17 14:59:07,2025-05-17 14:00,용지동,25,18,64,0.046,0.007,0.4,0.006
2025-05-17 14:59:07,2025-05-17 14:00,반송로,30,21,63,0.045,0.008,0.3,0.005
2025-05-17 14:59:08,2025-05-17 14:00,사파동,24,16,69,0.052,0.008,0.4,0.005
2025-05-17 14:59:08,2025-05-17 14:00,별내동,23,10,84,0.071,0.007,0.2,0.003
2025-05-17 14:59:08,2025-05-17 14:00,화도읍,23,9,74,0.058,0.006,0.2,0.003
2025-05-17 14:59:08,2025-05-17 14:00,경춘로,30,13,72,0.056,0.011,0.2,0.003
2025-05-17 14:59:09,2025-05-17 14:00,와부읍,19,17,83,0.069,0.005,0.2,0.002
2025-05-17 14:59:09,2025-05-17 14:00,진접읍,20,12,88,0.075,0.010,0.2,0.002
2025-05-17 14:59:09,2025-05-17 14:00,비전동,26,10,63,0.045,0.007,0.2,0.003
2025-05-17 14:59:10,2025-05-17 14:00,안중,23,18,68,0.051,0.003,0.2,0.003
2025-05-17 14:59:10,2025-05-17 14:00,평택항,33,12,65,0.047,0.001,0.2,0.004
2025-05-17 14:59:10,2025-05-17 14:00,송북동,22,7,65,0.048,0.004,0.1,0.002
2025-05-17 14:59:11,2025-05-17 14:00,청북읍,14,6,67,0.049,0.003,0.1,0.004
2025-05-17 14:59:11,2025-05-17 14:00,고덕동,19,8,69,0.052,0.003,0.1,0.003
2025-05-17 14:59:11,2025-05-17 14:00,금촌동,33,10,86,0.072,0.006,0.5,0.003
2025-05-17 14:59:11,2025-05-17 14:00,운정,21,13,81,0.067,0.008,0.4,0.003
2025-05-17 14:59:12,2025-05-17 14:00,파주,20,12,72,0.056,0.005,0.2,0.002
2025-05-17 14:59:12,2025-05-17 14:00,파주읍,16,9,-,0.085,0.006,0.4,0.002
2025-05-17 14:59:12,2025-05-17 14:00,행신동,19,12,85,0.071,0.006,0.2,0.004
2025-05-17 14:59:13,2025-05-17 14:00,식사동,26,10,91,0.079,0.012,0.3,0.004
2025-05-17 14:59:13,2025-05-17 14:00,백마로(마두역),35,14,83,0.069,0.018,0.3,0.003
2025-05-17 14:59:13,2025-05-17 14:00,신원동,12,12,76,0.060,0.005,0.2,0.004
2025-05-17 14:59:13,2025-05-17 14:00,주엽동,23,14,78,0.063,0.011,0.2,0.004
2025-05-17 14:59:14,2025-05-17 14:00,경안동,29,17,77,0.062,0.009,0.3,0.001
2025-05-17 14:59:14,2025-05-17 14:00,오포1동,26,13,74,0.058,0.004,0.3,0.002
2025-05-17 14:59:14,2025-05-17 14:00,곤지암,19,11,74,0.058,0.004,0.4,0.001
2025-05-17 14:59:15,2025-05-17 14:00,김량장동,11,10,69,0.052,0.003,0.2,0.001
2025-05-17 14:59:15,2025-05-17 14:00,수지,23,16,66,0.049,0.005,0.3,0.001
2025-05-17 14:59:15,2025-05-17 14:00,기흥,18,9,66,0.048,0.004,0.3,0.002
2025-05-17 14:59:16,2025-05-17 14:00,중부대로(구갈동),17,6,68,0.050,0.009,0.3,0.002
2025-05-17 14:59:16,2025-05-17 14:00,모현읍,19,10,71,0.055,0.003,0.3,0.001
2025-05-17 14:59:16,2025-05-17 14:00,이동읍,16,9,-,0.053,0.002,0.2,0.001
2025-05-17 14:59:16,2025-05-17 14:00,백암면,18,12,69,0.053,0.002,0.3,0.002
2025-05-17 14:59:17,2025-05-17 14:00,설성면,23,16,65,0.048,0.006,0.3,0.002
2025-05-17 14:59:18,2025-05-17 14:00,창전동,22,8,69,0.052,0.005,0.2,0.003
2025-05-17 14:59:18,2025-05-17 14:00,장호원읍,29,20,67,0.050,0.004,0.2,0.003
2025-05-17 14:59:19,2025-05-17 14:00,부발읍,25,10,68,0.050,0.005,0.2,0.003
2025-05-17 14:59:19,2025-05-17 14:00,관인면,25,10,74,0.058,0.006,0.2,0.002
2025-05-17 14:59:19,2025-05-17 14:00,선단동,15,11,73,0.057,0.008,0.2,0.003
2025-05-17 14:59:20,2025-05-17 14:00,일동면,17,12,77,0.062,0.006,0.2,0.002
2025-05-17 14:59:20,2025-05-17 14:00,사우동,18,16,82,0.068,0.010,0.2,0.003
2025-05-17 14:59:20,2025-05-17 14:00,고촌읍,20,12,84,0.070,0.007,0.2,0.003
2025-05-17 14:59:20,2025-05-17 14:00,월곶면,14,8,30,0.003,0.004,0.2,0.003
2025-05-17 14:59:21,2025-05-17 14:00,한강신도시,16,14,79,0.065,0.008,0.2,0.004
2025-05-17 14:59:21,2025-05-17 14:00,한강로,22,17,83,0.069,0.009,0.2,0.005
2025-05-17 14:59:21,2025-05-17 14:00,당동,20,12,69,0.053,0.006,0.3,0.003
2025-05-17 14:59:22,2025-05-17 14:00,산본동,20,10,69,0.052,0.005,0.3,0.003
2025-05-17 14:59:22,2025-05-17 14:00,오산동,17,8,64,0.046,0.006,0.2,0.002
2025-05-17 14:59:22,2025-05-17 14:00,금암로(신장동),24,16,62,0.044,0.005,0.2,0.002
2025-05-17 14:59:23,2025-05-17 14:00,신장동,11,12,71,0.054,0.007,0.3,0.002
2025-05-17 14:59:23,2025-05-17 14:00,미사,27,15,73,0.058,0.008,0.3,0.002
2025-05-17 14:59:23,2025-05-17 14:00,남양읍,19,6,68,0.051,0.005,0.2,0.004
2025-05-17 14:59:23,2025-05-17 14:00,향남읍,9,10,67,0.050,0.005,0.2,0.004
2025-05-17 14:59:24,2025-05-17 14:00,동탄,17,7,69,0.052,0.003,0.2,0.003
2025-05-17 14:59:24,2025-05-17 14:00,우정읍,21,10,68,0.050,0.005,0.3,0.005
2025-05-17 14:59:24,2025-05-17 14:00,청계동,14,8,69,0.052,0.003,0.2,0.003
2025-05-17 14:59:25,2025-05-17 14:00,새솔동,13,3,75,0.059,0.005,0.2,0.003
2025-05-17 14:59:25,2025-05-17 14:00,봉담읍,25,7,69,0.052,0.006,0.3,0.004
2025-05-17 14:59:25,2025-05-17 14:00,서신면,24,19,80,0.065,0.008,0.2,0.004
2025-05-17 14:59:26,2025-05-17 14:00,백석읍,20,13,82,0.068,0.005,0.2,0.004
2025-05-17 14:59:26,2025-05-17 14:00,고읍,21,9,80,0.066,0.006,0.3,0.004
2025-05-17 14:59:26,2025-05-17 14:00,보산동,19,8,77,0.062,0.006,0.3,0.003
2025-05-17 14:59:27,2025-05-17 14:00,봉산동,9,3,67,0.050,0.003,0.4,0.002
2025-05-17 14:59:27,2025-05-17 14:00,공도읍,11,7,65,0.047,0.002,0.3,0.002
2025-05-17 14:59:27,2025-05-17 14:00,죽산면,18,7,68,0.050,0.004,0.2,0.002
2025-05-17 14:59:27,2025-05-17 14:00,중앙동(경기),17,14,66,0.049,0.004,0.2,0.004
2025-05-17 14:59:28,2025-05-17 14:00,대신면,21,17,-,-,0.006,0.2,0.003
2025-05-17 14:59:28,2025-05-17 14:00,가남읍,25,10,74,0.059,0.000,0.2,0.002
2025-05-17 14:59:28,2025-05-17 14:00,연천,13,9,81,0.067,0.005,0.3,0.002
2025-05-17 14:59:29,2025-05-17 14:00,전곡,19,7,78,0.063,0.006,0.3,0.002
2025-05-17 14:59:29,2025-05-17 14:00,가평,19,15,82,0.068,0.003,0.2,0.002
2025-05-17 14:59:29,2025-05-17 14:00,설악면,19,7,75,0.059,0.006,0.4,0.002
2025-05-17 14:59:30,2025-05-17 14:00,용문면,28,17,71,0.055,0.004,0.2,0.003
2025-05-17 14:59:30,2025-05-17 14:00,양평읍,20,7,78,0.063,0.006,0.3,0.002
2025-05-17 14:59:30,2025-05-17 14:00,연천(DMZ),24,10,76,0.060,0.008,0.2,0.001
2025-05-17 14:59:30,2025-05-17 14:00,중앙로,19,7,60,0.041,0.002,0.1,0.002
2025-05-17 14:59:31,2025-05-17 14:00,신사우동,2,1,57,0.038,0.005,0.2,0.001
2025-05-17 14:59:31,2025-05-17 14:00,온의동,-,-,-,0.034,0.012,0.3,0.001
2025-05-17 14:59:32,2025-05-17 14:00,방산면,33,2,61,0.042,0.003,0.4,0.001
2025-05-17 14:59:32,2025-05-17 14:00,양구읍,7,3,59,0.040,0.002,0.3,0.002
2025-05-17 14:59:32,2025-05-17 14:00,동해항,36,11,63,0.045,0.012,0.3,0.002
2025-05-17 14:59:32,2025-05-17 14:00,묵호항,18,7,50,0.030,0.009,0.3,0.002
2025-05-17 14:59:33,2025-05-17 14:00,호산항,19,10,72,0.055,0.004,0.2,0.003
2025-05-17 14:59:33,2025-05-17 14:00,삼척항,89,8,91,0.055,0.003,0.2,0.002
2025-05-17 14:59:33,2025-05-17 14:00,옥계항,17,1,70,0.054,0.005,0.1,0.002
2025-05-17 14:59:34,2025-05-17 14:00,철원(DMZ),18,9,69,0.052,0.005,0.4,0.001
2025-05-17 14:59:34,2025-05-17 14:00,화천(DMZ),20,5,57,0.037,0.004,0.3,0.001
2025-05-17 14:59:34,2025-05-17 14:00,인제(DMZ),24,18,51,0.027,0.004,0.2,0.002
2025-05-17 14:59:35,2025-05-17 14:00,고성(DMZ),20,6,62,0.043,0.004,0.2,0.001
2025-05-17 14:59:35,2025-05-17 14:00,광복동,29,22,60,0.041,0.013,0.3,0.004
2025-05-17 14:59:35,2025-05-17 14:00,초량동,26,21,60,0.041,0.017,0.3,0.004
2025-05-17 14:59:35,2025-05-17 14:00,태종대,21,13,58,0.039,0.009,0.2,0.003
2025-05-17 14:59:36,2025-05-17 14:00,청학동,27,15,60,0.042,0.004,0.2,0.003
2025-05-17 14:59:36,2025-05-17 14:00,전포동,26,23,60,0.041,0.008,0.5,0.003
2025-05-17 14:59:36,2025-05-17 14:00,온천동,33,22,64,0.039,0.016,0.2,0.004
2025-05-17 14:59:37,2025-05-17 14:00,명장동,30,28,66,0.048,0.006,0.5,0.004
2025-05-17 14:59:37,2025-05-17 14:00,대연동,27,16,-,0.038,0.012,0.4,0.003
2025-05-17 14:59:37,2025-05-17 14:00,용호동,25,21,62,0.044,0.011,0.3,0.005
2025-05-17 14:59:37,2025-05-17 14:00,학장동,27,19,60,0.042,0.008,0.2,0.006
2025-05-17 14:59:38,2025-05-17 14:00,덕천동,29,22,66,0.048,0.007,-,0.004
2025-05-17 14:59:38,2025-05-17 14:00,화명동,22,28,67,0.050,0.007,-,-
2025-05-17 14:59:38,2025-05-17 14:00,삼락동,30,21,64,0.046,0.009,0.4,0.004
2025-05-17 14:59:39,2025-05-17 14:00,우동,25,17,62,0.043,0.012,0.3,0.005
2025-05-17 14:59:40,2025-05-17 14:00,청룡동,28,20,64,0.046,0.004,0.3,0.003
2025-05-17 14:59:40,2025-05-17 14:00,좌동,34,17,63,0.045,0.004,0.3,0.004
2025-05-17 14:59:41,2025-05-17 14:00,재송동,24,19,67,0.050,0.009,0.2,0.005
2025-05-17 14:59:41,2025-05-17 14:00,장림동,24,18,65,0.047,0.008,0.3,0.004
2025-05-17 14:59:41,2025-05-17 14:00,대저동,24,18,63,0.045,0.007,0.3,0.004
2025-05-17 14:59:42,2025-05-17 14:00,녹산동,24,19,55,0.036,0.008,0.2,0.005
2025-05-17 14:59:42,2025-05-17 14:00,명지동,31,14,67,0.050,0.006,0.3,0.004
2025-05-17 14:59:42,2025-05-17 14:00,연산동,23,21,-,0.042,0.013,0.3,0.005
2025-05-17 14:59:42,2025-05-17 14:00,기장읍,24,18,65,0.047,0.004,0.3,0.006
2025-05-17 14:59:43,2025-05-17 14:00,용수리,34,20,63,0.044,0.003,0.2,0.003
2025-05-17 14:59:43,2025-05-17 14:00,수정동,28,25,60,0.041,0.015,0.3,0.003
2025-05-17 14:59:43,2025-05-17 14:00,회동동,31,14,69,0.052,0.007,0.3,0.004
2025-05-17 14:59:44,2025-05-17 14:00,광안동,140,20,76,0.060,0.012,0.4,0.005
2025-05-17 14:59:44,2025-05-17 14:00,대신동,26,17,67,0.050,0.009,0.3,0.004
2025-05-17 14:59:44,2025-05-17 14:00,덕포동,24,22,63,0.045,0.010,0.3,0.004
2025-05-17 14:59:45,2025-05-17 14:00,개금동,26,21,64,0.046,0.011,0.3,0.007
2025-05-17 14:59:45,2025-05-17 14:00,중구,25,21,68,0.051,0.012,0.3,0.003
2025-05-17 14:59:46,2025-05-17 14:00,한강대로,38,16,63,0.045,0.013,0.4,0.003
2025-05-17 14:59:47,2025-05-17 14:00,종로구,29,12,69,0.052,0.008,0.3,0.003
2025-05-17 14:59:47,2025-05-17 14:00,청계천로,43,20,-,0.045,0.014,0.4,0.004
2025-05-17 14:59:47,2025-05-17 14:00,종로,32,6,62,0.043,0.015,0.3,0.003
2025-05-17 14:59:48,2025-05-17 14:00,용산구,23,12,60,0.041,0.010,0.3,0.003
2025-05-17 14:59:48,2025-05-17 14:00,광진구,26,15,79,0.064,0.010,0.4,0.003
2025-05-17 14:59:48,2025-05-17 14:00,성동구,16,10,67,0.049,0.010,0.3,0.003
2025-05-17 14:59:49,2025-05-17 14:00,강변북로,30,6,-,0.037,0.023,0.5,0.002
2025-05-17 14:59:49,2025-05-17 14:00,중랑구,34,18,68,0.051,0.009,0.3,0.004
2025-05-17 14:59:49,2025-05-17 14:00,동대문구,33,15,72,0.056,0.006,0.3,0.003
2025-05-17 14:59:50,2025-05-17 14:00,홍릉로,22,10,-,0.046,0.016,0.4,0.003
2025-05-17 14:59:51,2025-05-17 14:00,성북구,19,15,73,0.058,0.009,0.3,0.004
2025-05-17 14:59:51,2025-05-17 14:00,정릉로,36,6,64,0.046,0.028,0.4,0.003
2025-05-17 14:59:51,2025-05-17 14:00,도봉구,16,10,82,0.067,0.005,0.3,0.003
2025-05-17 14:59:51,2025-05-17 14:00,은평구,19,9,72,0.056,0.007,0.4,0.003
2025-05-17 14:59:52,2025-05-17 14:00,서대문구,16,14,78,0.064,0.009,0.3,0.003
2025-05-17 14:59:52,2025-05-17 14:00,마포구,18,12,76,0.061,0.009,0.3,0.003
2025-05-17 14:59:52,2025-05-17 14:00,신촌로,35,17,55,0.032,0.027,0.5,0.003
2025-05-17 14:59:53,2025-05-17 14:00,강서구,14,9,76,0.061,0.008,0.2,0.003
2025-05-17 14:59:53,2025-05-17 14:00,공항대로,14,12,72,0.056,0.019,0.3,0.003
2025-05-17 14:59:53,2025-05-17 14:00,구로구,22,13,-,0.059,0.006,0.2,0.003
2025-05-17 14:59:53,2025-05-17 14:00,영등포구,29,13,75,0.059,0.008,0.2,0.003
2025-05-17 14:59:54,2025-05-17 14:00,영등포로,22,6,60,0.042,0.024,0.4,0.003
2025-05-17 14:59:54,2025-05-17 14:00,동작구,24,4,66,0.048,0.005,0.2,0.003
2025-05-17 14:59:54,2025-05-17 14:00,동작대로 중앙차로,22,11,62,0.043,0.016,0.3,0.004
2025-05-17 14:59:55,2025-05-17 14:00,관악구,-,-,-,0.051,0.009,0.3,0.003
2025-05-17 14:59:55,2025-05-17 14:00,강남구,25,13,69,0.052,0.007,0.3,0.003
2025-05-17 14:59:55,2025-05-17 14:00,서초구,22,10,70,0.053,0.008,0.3,0.002
2025-05-17 14:59:56,2025-05-17 14:00,도산대로,34,13,61,0.042,0.012,0.7,0.003
2025-05-17 14:59:56,2025-05-17 14:00,강남대로,18,14,57,0.037,0.010,0.3,0.003
2025-05-17 14:59:56,2025-05-17 14:00,송파구,21,14,67,0.050,0.007,0.3,0.003
2025-05-17 14:59:56,2025-05-17 14:00,강동구,24,16,80,0.065,0.006,0.5,0.003
2025-05-17 14:59:57,2025-05-17 14:00,천호대로,23,6,-,0.051,0.012,0.4,0.003
2025-05-17 14:59:57,2025-05-17 14:00,금천구,18,18,65,0.048,0.011,0.4,0.003
2025-05-17 14:59:57,2025-05-17 14:00,시흥대로,24,13,65,0.047,0.013,0.3,0.003
2025-05-17 14:59:58,2025-05-17 14:00,강북구,25,17,82,0.068,0.007,0.3,0.003
2025-05-17 14:59:58,2025-05-17 14:00,양천구,23,14,75,0.060,0.008,0.2,0.003
2025-05-17 14:59:58,2025-05-17 14:00,노원구,18,5,80,0.065,0.010,0.3,0.003
2025-05-17 14:59:59,2025-05-17 14:00,화랑로,20,14,69,0.053,0.021,0.3,0.003
2025-05-17 14:59:59,2025-05-17 14:00,신풍동,28,7,67,0.049,0.006,0.3,0.002
2025-05-17 14:59:59,2025-05-17 14:00,인계동,13,4,64,0.046,0.007,0.4,0.001
2025-05-17 15:00:00,2025-05-17 14:00,광교동,22,15,69,0.053,0.007,0.5,0.002
2025-05-17 15:00:01,2025-05-17 14:00,영통동,5,10,66,0.048,0.007,0.4,0.002
2025-05-17 15:00:02,2025-05-17 14:00,천천동,28,13,70,0.053,0.008,0.4,0.003
2025-05-17 15:00:03,2025-05-17 14:00,경수대로(동수원),27,11,62,0.043,0.011,0.5,0.002
2025-05-17 15:00:05,2025-05-17 14:00,고색동,29,14,64,0.046,0.007,0.3,0.003
2025-05-17 15:00:06,2025-05-17 14:00,호매실,8,11,60,0.042,0.005,0.3,0.004
2025-05-17 15:00:06,2025-05-17 14:00,대왕판교로(백현동),29,17,60,0.042,0.016,0.4,0.002
2025-05-17 15:00:07,2025-05-17 14:00,단대동,30,14,63,0.045,0.008,0.4,0.002
2025-05-17 15:00:07,2025-05-17 14:00,정자동,13,8,65,0.047,0.007,0.5,0.002
2025-05-17 15:00:07,2025-05-17 14:00,수내동,32,18,59,0.040,0.008,0.3,0.002
2025-05-17 15:00:08,2025-05-17 14:00,성남대로(모란역),27,10,64,0.046,0.017,0.3,0.004
2025-05-17 15:00:08,2025-05-17 14:00,복정동,24,10,78,0.063,0.006,0.3,0.002
2025-05-17 15:00:08,2025-05-17 14:00,운중동,25,11,80,0.065,0.004,0.4,0.001
2025-05-17 15:00:09,2025-05-17 14:00,상대원동,22,12,71,0.055,0.007,0.6,0.002
2025-05-17 15:00:09,2025-05-17 14:00,의정부동,20,3,78,0.063,0.008,0.3,0.003
2025-05-17 15:00:09,2025-05-17 14:00,의정부1동,26,18,84,0.071,0.012,0.2,0.008
2025-05-17 15:00:09,2025-05-17 14:00,송산3동,26,11,76,0.061,0.013,0.3,0.003
2025-05-17 15:00:10,2025-05-17 14:00,안양8동,19,9,72,0.055,0.007,0.3,0.003
2025-05-17 15:00:10,2025-05-17 14:00,부림동,26,11,70,0.053,0.008,0.2,0.003
2025-05-17 15:00:10,2025-05-17 14:00,호계3동,18,10,63,0.044,0.006,0.3,0.002
2025-05-17 15:00:11,2025-05-17 14:00,안양2동,14,-,-,0.034,0.011,0.4,0.003
2025-05-17 15:00:11,2025-05-17 14:00,철산동,13,11,82,0.068,0.003,0.4,0.002
2025-05-17 15:00:11,2025-05-17 14:00,소하동,15,7,81,0.067,0.006,0.4,0.002
2025-05-17 15:00:12,2025-05-17 14:00,고잔동,9,1,65,0.047,0.005,0.2,0.003
2025-05-17 15:00:12,2025-05-17 14:00,초지동,21,15,72,0.056,0.006,0.2,0.003
2025-05-17 15:00:12,2025-05-17 14:00,본오동,24,7,61,0.042,0.006,0.2,0.002
2025-05-17 15:00:13,2025-05-17 14:00,원곡동,26,10,69,0.052,0.002,0.2,0.002
2025-05-17 15:00:13,2025-05-17 14:00,부곡동1,19,8,68,0.051,0.008,0.2,0.002
2025-05-17 15:00:13,2025-05-17 14:00,대부동,13,9,73,0.057,0.010,0.2,0.002
2025-05-17 15:00:14,2025-05-17 14:00,호수동,18,6,69,0.052,0.005,0.2,0.002
2025-05-17 15:00:15,2025-05-17 14:00,청천면,25,14,66,0.048,0.003,0.2,0.002
2025-05-17 15:00:15,2025-05-17 14:00,괴산읍,20,16,65,0.047,0.003,0.2,0.003
2025-05-17 15:00:15,2025-05-17 14:00,감물면,24,13,63,0.045,0.003,0.2,0.003
2025-05-17 15:00:16,2025-05-17 14:00,진천읍,25,9,30,0.017,0.005,0.2,0.003
2025-05-17 15:00:16,2025-05-17 14:00,덕산읍,27,21,65,0.047,0.002,0.2,0.003
2025-05-17 15:00:16,2025-05-17 14:00,금왕,25,13,65,0.048,0.004,0.1,0.002
2025-05-17 15:00:16,2025-05-17 14:00,음성읍,26,16,70,0.053,0.005,0.3,0.003
2025-05-17 15:00:17,2025-05-17 14:00,소이면,20,16,67,0.050,0.005,0.3,0.002
2025-05-17 15:00:17,2025-05-17 14:00,영동읍,17,12,64,0.046,0.004,0.3,0.005
2025-05-17 15:00:17,2025-05-17 14:00,황간면,18,11,56,0.036,0.003,0.2,0.004
2025-05-17 15:00:18,2025-05-17 14:00,도안면,23,23,65,0.048,0.004,0.2,0.004
2025-05-17 15:00:18,2025-05-17 14:00,증평읍,27,17,62,0.043,0.003,0.3,0.003
2025-05-17 15:00:18,2025-05-17 14:00,보은읍,23,17,63,0.045,0.002,0.2,0.004
2025-05-17 15:00:18,2025-05-17 14:00,옥천읍,32,26,62,0.044,0.006,0.4,0.004
2025-05-17 15:00:19,2025-05-17 14:00,삼천동,32,20,60,0.041,0.003,0.3,0.004
2025-05-17 15:00:19,2025-05-17 15:00,팔복동,22,19,-,-,0.007,0.1,0.003
2025-05-17 15:00:20,2025-05-17 14:00,송천동,26,16,65,0.047,0.005,0.3,0.004
2025-05-17 15:00:20,2025-05-17 14:00,서신동,33,18,50,-,0.008,0.3,0.004
2025-05-17 15:00:20,2025-05-17 14:00,혁신동,27,20,62,0.044,0.004,0.3,0.002
2025-05-17 15:00:21,2025-05-17 14:00,여의동,26,23,73,0.057,0.004,0.2,0.004
2025-05-17 15:00:21,2025-05-17 14:00,효자동,31,26,61,0.041,0.004,0.3,0.005
2025-05-17 15:00:21,2025-05-17 14:00,신풍동(군산),6,9,68,0.051,0.002,0.4,0.003
2025-05-17 15:00:21,2025-05-17 14:00,소룡동,13,4,68,0.051,0.003,0.2,0.004
2025-05-17 15:00:22,2025-05-17 14:00,사정동,10,9,68,0.051,0.001,0.3,0.003
2025-05-17 15:00:22,2025-05-17 14:00,옥산면,14,16,69,0.053,0.002,0.3,0.004
2025-05-17 15:00:22,2025-05-17 14:00,비응도동,8,12,67,0.050,0.009,0.3,0.007
2025-05-17 15:00:23,2025-05-17 14:00,말도,18,12,40,-,-,-,-
2025-05-17 15:00:23,2025-05-17 14:00,소룡동2,17,9,64,0.046,0.001,0.5,0.002
2025-05-17 15:00:24,2025-05-17 14:00,삼기면,19,18,69,0.053,0.003,0.3,0.004
2025-05-17 15:00:24,2025-05-17 14:00,모현동,22,14,58,0.038,0.003,0.2,0.004
2025-05-17 15:00:25,2025-05-17 14:00,용동면,28,16,68,0.051,0.003,0.3,0.004
2025-05-17 15:00:25,2025-05-17 14:00,춘포면,21,17,65,0.048,0.003,0.2,0.004
2025-05-17 15:00:26,2025-05-17 14:00,여산면,30,16,67,0.050,0.002,0.2,0.003
2025-05-17 15:00:26,2025-05-17 14:00,금마면,28,17,65,0.047,0.007,0.2,0.004
2025-05-17 15:00:26,2025-05-17 14:00,연지동,25,15,64,0.045,0.005,0.1,0.002
2025-05-17 15:00:27,2025-05-17 14:00,신태인,28,22,60,0.041,0.002,0.2,0.003
2025-05-17 15:00:27,2025-05-17 14:00,영파동,34,19,62,0.043,0.004,0.2,0.003
2025-05-17 15:00:27,2025-05-17 14:00,죽항동,29,21,60,0.042,0.003,0.2,0.005
2025-05-17 15:00:27,2025-05-17 14:00,운봉읍,22,18,64,0.046,0.001,0.2,0.004
2025-05-17 15:00:28,2025-05-17 14:00,부안읍,14,6,66,0.049,0.002,0.2,0.002
2025-05-17 15:00:29,2025-05-17 14:00,새만금,19,12,68,0.051,0.005,0.3,0.002
2025-05-17 15:00:29,2025-05-17 14:00,계화면,11,8,68,0.051,0.003,0.2,0.002
2025-05-17 15:00:29,2025-05-17 14:00,요촌동,23,14,65,0.048,0.003,0.3,0.002
2025-05-17 15:00:30,2025-05-17 14:00,고산면,28,24,68,0.051,0.003,0.3,0.003
2025-05-17 15:00:30,2025-05-17 14:00,봉동읍,30,23,68,0.051,0.005,0.2,0.003
2025-05-17 15:00:30,2025-05-17 14:00,구이면,19,11,-,0.046,0.002,0.2,0.003
2025-05-17 15:00:31,2025-05-17 14:00,진안읍,26,17,61,0.043,0.002,0.2,0.004
2025-05-17 15:00:31,2025-05-17 14:00,운암면,24,18,58,0.038,0.002,0.2,0.003
2025-05-17 15:00:32,2025-05-17 14:00,관촌면,21,18,59,0.039,0.003,0.2,0.006
2025-05-17 15:00:32,2025-05-17 14:00,무주읍,16,12,61,0.043,0.003,0.2,0.004
2025-05-17 15:00:32,2025-05-17 14:00,안성면,25,12,62,0.043,0.002,0.1,0.004
2025-05-17 15:00:32,2025-05-17 14:00,순창읍,30,18,57,0.037,0.003,0.2,0.004
2025-05-17 15:00:33,2025-05-17 14:00,장수읍,30,21,60,0.041,0.003,0.2,0.004
2025-05-17 15:00:33,2025-05-17 14:00,서천읍,16,10,72,0.056,0.008,0.3,0.003
2025-05-17 15:00:34,2025-05-17 14:00,서면,5,5,69,0.052,0.008,0.3,0.003
2025-05-17 15:00:34,2025-05-17 14:00,청송읍,22,9,65,0.047,0.004,0.2,0.003
2025-05-17 15:00:34,2025-05-17 14:00,군산항,14,11,68,0.051,0.007,0.3,0.002
2025-05-17 15:00:35,2025-05-17 14:00,서해,30,16,69,0.052,0.018,0.5,0.003
2025-05-17 15:00:35,2025-05-17 14:00,영종,12,10,66,0.049,0.007,0.3,0.003
2025-05-17 15:00:37,2025-05-17 14:00,부평역,49,31,68,0.051,0.008,0.3,0.003
2025-05-17 15:00:37,2025-05-17 14:00,남동,39,16,74,0.058,0.023,0.4,0.002
2025-05-17 15:00:38,2025-05-17 14:00,검단,19,18,70,0.053,0.011,0.4,0.004
2025-05-17 15:00:40,2025-05-17 14:00,임학,22,16,-,0.061,-,0.4,-
2025-05-17 15:00:42,2025-05-17 14:00,서창,19,12,82,0.068,0.009,0.8,0.003
2025-05-17 15:00:44,2025-05-17 14:00,청라,20,13,67,0.050,0.020,0.3,0.003
2025-05-17 15:00:44,2025-05-17 14:00,송도,18,15,65,0.047,0.010,0.3,0.003
2025-05-17 15:00:44,2025-05-17 14:00,아암,27,12,64,0.046,0.020,0.3,0.005
2025-05-17 15:00:45,2025-05-17 14:00,길상,13,9,68,0.051,0.005,0.3,0.003
2025-05-17 15:00:45,2025-05-17 14:00,삼산,18,11,75,0.059,0.009,0.4,0.004
2025-05-17 15:00:46,2025-05-17 14:00,인천항,30,15,60,0.041,0.026,0.0,0.002
2025-05-17 15:00:47,2025-05-17 14:00,중2동,21,16,76,0.061,0.005,0.2,0.003
2025-05-17 15:00:48,2025-05-17 14:00,석모리,16,13,66,0.049,0.006,0.5,0.002
2025-05-17 15:00:49,2025-05-17 14:00,연평도,6,3,63,0.045,0.006,0.3,0.001
2025-05-17 15:00:50,2025-05-17 14:00,울도,4,1,63,0.045,0.005,0.3,0.001
2025-05-17 15:00:51,2025-05-17 14:00,대산리,10,8,70,0.053,0.007,0.4,0.003
2025-05-17 15:00:51,2025-05-17 14:00,성연면,18,9,71,0.054,0.006,0.3,0.003
2025-05-17 15:00:52,2025-05-17 14:00,복운리,10,3,66,0.048,0.004,0.2,0.003
2025-05-17 15:00:53,2025-05-17 14:00,배방읍,22,12,59,0.040,0.004,0.2,0.005
2025-05-17 15:00:53,2025-05-17 14:00,둔포면,21,12,66,0.048,0.005,0.2,0.009
2025-05-17 15:00:54,2025-05-17 14:00,장재리,21,10,62,0.043,0.009,0.3,0.004
2025-05-17 15:00:55,2025-05-17 14:00,성동면,16,15,66,0.048,0.003,0.2,0.003
2025-05-17 15:00:55,2025-05-17 14:00,파도리,-,4,35,0.021,0.006,0.2,0.002
2025-05-17 15:00:56,2025-05-17 14:00,이원면,18,4,68,0.051,0.005,0.3,0.003
2025-05-17 15:00:57,2025-05-17 14:00,예산군,9,9,59,0.040,0.003,0.3,0.004
